
{
  "cards": [
    {
      "type": "major",
      "name_short": "ar01",
      "name": "The Magician",
      "value": 1,
      "meaning_up": "Skill, diplomacy, address, subtlety; sickness, pain, loss, disaster, snares of enemies; self-confidence, will; the Querent, if male.",
      "meaning_rev": "Physician, Magus, mental disease, disgrace, disquiet.",
      "desc": "A youthful figure in the robe of a magician, having the countenance of divine Apollo, with smile of confidence and shining eyes. Above his head is the mysterious sign of the Holy Spirit, the sign of life, like an endless cord, forming the figure 8 in a horizontal position . About his waist is a serpent-cincture, the serpent appearing to devour its own tail. This is familiar to most as a conventional symbol of eternity, but here it indicates more especially the eternity of attainment in the spirit. In the Magician's right hand is a wand raised towards heaven, while the left hand is pointing to the earth. This dual sign is known in very high grades of the Instituted Mysteries; it shews the descent of grace, virtue and light, drawn from things above and derived to things below. The suggestion throughout is therefore the possession and communication of the Powers and Gifts of the Spirit. On the table in front of the Magician are the symbols of the four Tarot suits, signifying the elements of natural life, which lie like counters before the adept, and he adapts them as he wills. Beneath are roses and lilies, the flos campi and lilium convallium, changed into garden flowers, to shew the culture of aspiration. This card signifies the divine motive in man, reflecting God, the will in the liberation of its union with that which is above. It is also the unity of individual being on all planes, and in a very high sense it is thought, in the fixation thereof. With further reference to what I have called the sign of life and its connexion with the number 8, it may be remembered that Christian Gnosticism speaks of rebirth in Christ as a change \"unto the Ogdoad.\" The mystic number is termed Jerusalem above, the Land flowing with Milk and Honey, the Holy Spirit and the Land of the Lord. According to Martinism, 8 is the number of Christ.",
      "img": "https://upload.wikimedia.org/wikipedia/commons/d/de/RWS_Tarot_01_Magician.jpg"
    },
    {
      "type": "major",
      "name_short": "ar02",
      "name": "The High Priestess",
      "value": 2,
      "meaning_up": "Secrets, mystery, the future as yet unrevealed; the woman who interests the Querent, if male; the Querent herself, if female; silence, tenacity; mystery, wisdom, science.",
      "meaning_rev": "Passion, moral or physical ardour, conceit, surface knowledge.",
      "desc": "She has the lunar crescent at her feet, a horned diadem on her head, with a globe in the middle place, and a large solar cross on her breast. The scroll in her hands is inscribed with the word Tora, signifying the Greater Law, the Secret Law and the second sense of the Word. It is partly covered by her mantle, to shew that some things are implied and some spoken. She is seated between the white and black pillars--J. and B.--of the mystic Temple, and the veil of the Temple is behind her: it is embroidered with palms and pomegranates. The vestments are flowing and gauzy, and the mantle suggests light--a shimmering radiance. She has been called occult Science on the threshold of the Sanctuary of Isis, but she is really the Secret Church, the House which is of God and man. She represents also the Second Marriage of the Prince who is no longer of this world; she is the spiritual Bride and Mother, the daughter of the stars and the Higher Garden of Eden. She is, in fine, the Queen of the borrowed light, but this is the light of all. She is the Moon nourished by the milk of the Supernal Mother.\nIn a manner, she is also the Supernal Mother herself--that is to say, she is the bright reflection. It is in this sense of reflection that her truest and highest name in bolism is Shekinah--the co-habiting glory. According to Kabalism, there is a Shekinah both above and below. In the superior world it is called Binah, the Supernal Understanding which reflects to the emanations that are beneath. In the lower world it is MaIkuth--that world being, for this purpose, understood as a blessed Kingdom that with which it is made blessed being the Indwelling Glory. Mystically speaking, the Shekinah is the Spiritual Bride of the just man, and when he reads the Law she gives the Divine meaning. There are some respects in which this card is the highest and holiest of the Greater Arcana.",
      "img": "https://upload.wikimedia.org/wikipedia/commons/thumb/8/88/RWS_Tarot_02_High_Priestess.jpg/590px-RWS_Tarot_02_High_Priestess.jpg"      
    },
    {
      "type": "major",
      "name_short": "ar03",
      "name": "The Empress",
      "value": 3,
      "meaning_up": "Fruitfulness, action, initiative, length of days; the unknown, clandestine; also difficulty, doubt, ignorance.",
      "meaning_rev": "Light, truth, the unravelling of involved matters, public rejoicings; according to another reading, vacillation.",
      "desc": "A stately figure, seated, having rich vestments and royal aspect, as of a daughter of heaven and earth. Her diadem is of twelve stars, gathered in a cluster. The symbol of Venus is on the shield which rests near her. A field of corn is ripening in front of her, and beyond there is a fall of water. The sceptre which she bears is surmounted by the globe of this world. She is the inferior Garden of Eden, the Earthly Paradise, all that is symbolized by the visible house of man. She is not Regina coeli, but she is still refugium peccatorum, the fruitful mother of thousands. There are also certain aspects in which she has been correctly described as desire and the wings thereof, as the woman clothed with the sun, as Gloria Mundi and the veil of the Sanctum Sanctorum; but she is not, I may add, the soul that has attained wings, unless all the symbolism is counted up another and unusual way. She is above all things universal fecundity and the outer sense of the Word. This is obvious, because there is no direct message which has been given to man like that which is borne by woman; but she does not herself carry its interpretation.\nIn another order of ideas, the card of the Empress signifies the door or gate by which an entrance is obtained into this life, as into the Garden of Venus; and then the way which leads out therefrom, into that which is beyond, is the secret known to the High Priestess: it is communicated by her to the elect. Most old attributions of this card are completely wrong on the symbolism--as, for example, its identification with the Word, Divine Nature, the Triad, and so forth.",
      "img": "https://upload.wikimedia.org/wikipedia/commons/d/d2/RWS_Tarot_03_Empress.jpg"
    },
    {
      "type": "major",
      "name_short": "ar04",
      "name": "The Emperor",
      "value": 4,
      "meaning_up": "Stability, power, protection, realization; a great person; aid, reason, conviction; also authority and will.",
      "meaning_rev": "Benevolence, compassion, credit; also confusion to enemies, obstruction, immaturity.",
      "desc": "He has a form of the Crux ansata for his sceptre and a globe in his left hand. He is a crowned monarch--commanding, stately, seated on a throne, the arms of which axe fronted by rams' heads. He is executive and realization, the power of this world, here clothed with the highest of its natural attributes. He is occasionally represented as seated on a cubic stone, which, however, confuses some of the issues. He is the virile power, to which the Empress responds, and in this sense is he who seeks to remove the Veil of Isis; yet she remains virgo intacta.\nIt should be understood that this card and that of the Empress do not precisely represent the condition of married life, though this state is implied. On the surface, as I have indicated, they stand for mundane royalty, uplifted on the seats of the mighty; but above this there is the suggestion of another presence. They signify also--and the male figure especially--the higher kingship, occupying the intellectual throne. Hereof is the lordship of thought rather than of the animal world. Both personalities, after their own manner, are \"full of strange experience,\" but theirs is not consciously the wisdom which draws from a higher world. The Emperor has been described as (a) will in its embodied form, but this is only one of its applications, and (b) as an expression of virtualities contained in the Absolute Being--but this is fantasy.",
      "img": "https://upload.wikimedia.org/wikipedia/commons/c/c3/RWS_Tarot_04_Emperor.jpg"
    },
    {
      "type": "major",
      "name_short": "ar05",
      "name": "The Hierophant",
      "value": 5,
      "meaning_up": "Marriage, alliance, captivity, servitude; by another account, mercy and goodness; inspiration; the man to whom the Querent has recourse.",
      "meaning_rev": "Society, good understanding, concord, overkindness, weakness.",
      "desc": "He wears the triple crown and is seated between two pillars, but they are not those of the Temple which is guarded by the High Priestess. In his left hand he holds a sceptre terminating in the triple cross, and with his right hand he gives the well-known ecclesiastical sign which is called that of esotericism, distinguishing between the manifest and concealed part of doctrine. It is noticeable in this connexion that the High Priestess makes no sign. At his feet are the crossed keys, and two priestly ministers in albs kneel before him. He has been usually called the Pope, which is a particular application of the more general office that he symbolizes. He is the ruling power of external religion, as the High Priestess is the prevailing genius of the esoteric, withdrawn power. The proper meanings of this card have suffered woeful admixture from nearly all hands. Grand Orient says truly that the Hierophant is the power of the keys, exoteric orthodox doctrine, and the outer side of the life which leads to the doctrine; but he is certainly not the prince of occult doctrine, as another commentator has suggested.\nHe is rather the summa totius theologiæ, when it has passed into the utmost rigidity of expression; but he symbolizes also all things that are righteous and sacred on the manifest side. As such, he is the channel of grace belonging to the world of institution as distinct from that of Nature, and he is the leader of salvation for the human race at large. He is the order and the head of the recognized hierarchy, which is the reflection of another and greater hierarchic order; but it may so happen that the pontiff forgets the significance of this his symbolic state and acts as if he contained within his proper measures all that his sign signifies or his symbol seeks to shew forth. He is not, as it has been thought, philosophy-except on the theological side; he is not inspiration; and he is not religion, although he is a mode of its expression.",
      "img": "https://upload.wikimedia.org/wikipedia/commons/8/8d/RWS_Tarot_05_Hierophant.jpg"
    },
    {
      "type": "major",
      "name_short": "ar06",
      "name": "The Lovers",
      "value": 6,
      "meaning_up": "Attraction, love, beauty, trials overcome.",
      "meaning_rev": "Failure, foolish designs. Another account speaks of marriage frustrated and contrarieties of all kinds.",
      "desc": "The sun shines in the zenith, and beneath is a great winged figure with arms extended, pouring down influences. In the foreground are two human figures, male and female, unveiled before each other, as if Adam and Eve when they first occupied the paradise of the earthly body. Behind the man is the Tree of Life, bearing twelve fruits, and the Tree of the Knowledge of Good and Evil is behind the woman; the serpent is twining round it. The figures suggest youth, virginity, innocence and love before it is contaminated by gross material desire. This is in all simplicity the card of human love, here exhibited as part of the way, the truth and the life. It replaces, by recourse to first principles, the old card of marriage, which I have described previously, and the later follies which depicted man between vice and virtue. In a very high sense, the card is a mystery of the Covenant and Sabbath.\nThe suggestion in respect of the woman is that she signifies that attraction towards the sensitive life which carries within it the idea of the Fall of Man, but she is rather the working of a Secret Law of Providence than a willing and conscious temptress. It is through her imputed lapse that man shall arise ultimately, and only by her can he complete himself. The card is therefore in its way another intimation concerning the great mystery of womanhood. The old meanings fall to pieces of necessity with the old pictures, but even as interpretations of the latter, some of them were of the order of commonplace and others were false in symbolism.",
      "img": "https://upload.wikimedia.org/wikipedia/commons/3/3a/TheLovers.jpg"
    },
    {
      "type": "major",
      "name_short": "ar07",
      "name": "The Chariot",
      "value": 7,
      "meaning_up": "Succour, providence also war, triumph, presumption, vengeance, trouble.",
      "meaning_rev": "Riot, quarrel, dispute, litigation, defeat.",
      "desc": "An erect and princely figure carrying a drawn sword and corresponding, broadly speaking, to the traditional description which I have given in the first part. On the shoulders of the victorious hero are supposed to be the Urim and Thummim. He has led captivity captive; he is conquest on all planes--in the mind, in science, in progress, in certain trials of initiation. He has thus replied to the sphinx, and it is on this account that I have accepted the variation of Éliphas Lévi; two sphinxes thus draw his chariot. He is above all things triumph in the mind.\nIt is to be understood for this reason (a) that the question of the sphinx is concerned with a Mystery of Nature and not of the world of Grace, to which the charioteer could offer no answer; (b) that the planes of his conquest are manifest or external and not within himself; (c) that the liberation which he effects may leave himself in the bondage of the logical understanding; (d) that the tests of initiation through which he has passed in triumph are to be understood physically or rationally; and (e) that if he came to the pillars of that Temple between which the High Priestess is seated, he could not open the scroll called Tora, nor if she questioned him could he answer. He is not hereditary royalty and he is not priesthood.",
      "img": "https://upload.wikimedia.org/wikipedia/commons/9/9b/RWS_Tarot_07_Chariot.jpg"
    },
    {
      "type": "major",
      "name_short": "ar08",
      "name": "Fortitude",
      "value": 8,
      "meaning_up": "Power, energy, action, courage, magnanimity; also complete success and honours.",
      "meaning_rev": "Despotism, abuse if power, weakness, discord, sometimes even disgrace.",
      "desc": "A woman, over whose head there broods the same symbol of life which we have seen in the card of the Magician, is closing the jaws of a lion. The only point in which this design differs from the conventional presentations is that her beneficent fortitude has already subdued the lion, which is being led by a chain of flowers. For reasons which satisfy myself, this card has been interchanged with that of justice, which is usually numbered eight. As the variation carries nothing with it which will signify to the reader, there is no cause for explanation. Fortitude, in one of its most exalted aspects, is connected with the Divine Mystery of Union; the virtue, of course, operates in all planes, and hence draws on all in its symbolism. It connects also with innocentia inviolata, and with the strength which resides in contemplation.\nThese higher meanings are, however, matters of inference, and I do not suggest that they are transparent on the surface of the card. They are intimated in a concealed manner by the chain of flowers, which signifies, among many other things, the sweet yoke and the light burden of Divine Law, when it has been taken into the heart of hearts. The card has nothing to do with self-confidence in the ordinary sense, though this has been suggested--but it concerns the confidence of those whose strength is God, who have found their refuge in Him. There is one aspect in which the lion signifies the passions, and she who is called Strength is the higher nature in its liberation. It has walked upon the asp and the basilisk and has trodden down the lion and the dragon.",
      "img": "https://upload.wikimedia.org/wikipedia/commons/f/f5/RWS_Tarot_08_Strength.jpg"
    },
    {
      "type": "major",
      "name_short": "ar09",
      "name": "The Hermit",
      "value": 9,
      "meaning_up": "Prudence, circumspection; also and especially treason, dissimulation, roguery, corruption.",
      "meaning_rev": "Concealment, disguise, policy, fear, unreasoned caution.",
      "desc": "The variation from the conventional models in this card is only that the lamp is not enveloped partially in the mantle of its bearer, who blends the idea of the Ancient of Days with the Light of the World It is a star which shines in the lantern. I have said that this is a card of attainment, and to extend this conception the figure is seen holding up his beacon on an eminence. Therefore the Hermit is not, as Court de Gebelin explained, a wise man in search of truth and justice; nor is he, as a later explanation proposes, an especial example of experience. His beacon intimates that \"where I am, you also may be.\"\nIt is further a card which is understood quite incorrectly when it is connected with the idea of occult isolation, as the protection of personal magnetism against admixture. This is one of the frivolous renderings which we owe to Éliphas Lévi. It has been adopted by the French Order of Martinism and some of us have heard a great deal of the Silent and Unknown Philosophy enveloped by his mantle from the knowledge of the profane. In true Martinism, the significance of the term Philosophe inconnu was of another order. It did not refer to the intended concealment of the Instituted Mysteries, much less of their substitutes, but--like the card itself--to the truth that the Divine Mysteries secure their own protection from those who are unprepared.",
      "img": "https://upload.wikimedia.org/wikipedia/commons/thumb/4/4d/RWS_Tarot_09_Hermit.jpg/586px-RWS_Tarot_09_Hermit.jpg"
    },
    {
      "type": "major",
      "name_short": "ar10",
      "name": "Wheel Of Fortune",
      "value": 10,
      "meaning_up": "Destiny, fortune, success, elevation, luck, felicity.",
      "meaning_rev": "Increase, abundance, superfluity.",
      "desc": "In this symbol I have again followed the reconstruction of Éliphas Lévi, who has furnished several variants. It is legitimate--as I have intimated--to use Egyptian symbolism when this serves our purpose, provided that no theory of origin is implied therein. I have, however, presented Typhon in his serpent form. The symbolism is, of course, not exclusively Egyptian, as the four Living Creatures of Ezekiel occupy the angles of the card, and the wheel itself follows other indications of Lévi in respect of Ezekiel's vision, as illustrative of the particular Tarot Key. With the French occultist, and in the design itself, the symbolic picture stands for the perpetual motion of a fluidic universe and for the flux of human life. The Sphinx is the equilibrium therein. The transliteration of Taro as Rota is inscribed on the wheel, counterchanged with the letters of the Divine Name--to shew that Providence is imphed through all. But this is the Divine intention within, and the similar intention without is exemplified by the four Living Creatures. Sometimes the sphinx is represented couchant on a pedestal above, which defrauds the symbolism by stultifying the essential idea of stability amidst movement.\nBehind the general notion expressed in the symbol there lies the denial of chance and the fatality which is implied therein. It may be added that, from the days of Lévi onward, the occult explanations of this card are--even for occultism itself--of a singularly fatuous kind. It has been said to mean principle, fecundity, virile honour, ruling authority, etc. The findings of common fortune-telling are better than this on their own plane.",
      "img": "https://upload.wikimedia.org/wikipedia/commons/3/3c/RWS_Tarot_10_Wheel_of_Fortune.jpg"
    },
    {
      "type": "major",
      "name_short": "ar11",
      "name": "Justice",
      "value": 11,
      "meaning_up": "Equity, rightness, probity, executive; triumph of the deserving side in law.",
      "meaning_rev": "Law in all its departments, legal complications, bigotry, bias, excessive severity.",
      "desc": "As this card follows the traditional symbolism and carries above all its obvious meanings, there is little to say regarding it outside the few considerations collected in the first part, to which the reader is referred.\nIt will be seen, however, that the figure is seated between pillars, like the High Priestess, and on this account it seems desirable to indicate that the moral principle which deals unto every man according to his works--while, of course, it is in strict analogy with higher things;--differs in its essence from the spiritual justice which is involved in the idea of election. The latter belongs to a mysterious order of Providence, in virtue of which it is possible for certain men to conceive the idea of dedication to the highest things. The operation of this is like the breathing of the Spirit where it wills, and we have no canon of criticism or ground of explanation concerning it. It is analogous to the possession of the fairy gifts and the high gifts and the gracious gifts of the poet: we have them or have not, and their presence is as much a mystery as their absence. The law of Justice is not however involved by either alternative. In conclusion, the pillars of Justice open into one world and the pillars of the High Priestess into another.",
      "img": "https://upload.wikimedia.org/wikipedia/commons/e/e0/RWS_Tarot_11_Justice.jpg"
    },
    {
      "type": "major",
      "name_short": "ar12",
      "name": "The Hanged Man",
      "value": 12,
      "meaning_up": "Wisdom, circumspection, discernment, trials, sacrifice, intuition, divination, prophecy.",
      "meaning_rev": "Selfishness, the crowd, body politic.",
      "desc": "The gallows from which he is suspended forms a Tau cross, while the figure--from the position of the legs--forms a fylfot cross. There is a nimbus about the head of the seeming martyr. It should be noted (1) that the tree of sacrifice is living wood, with leaves thereon; (2) that the face expresses deep entrancement, not suffering; (3) that the figure, as a whole, suggests life in suspension, but life and not death. It is a card of profound significance, but all the significance is veiled. One of his editors suggests that Éliphas Lévi did not know the meaning, which is unquestionable nor did the editor himself. It has been called falsely a card of martyrdom, a card a of prudence, a card of the Great Work, a card of duty; but we may exhaust all published interpretations and find only vanity. I will say very simply on my own part that it expresses the relation, in one of its aspects, between the Divine and the Universe.\nHe who can understand that the story of his higher nature is imbedded in this symbolism will receive intimations concerning a great awakening that is possible, and will know that after the sacred Mystery of Death there is a glorious Mystery of Resurrection.",
      "img": "https://upload.wikimedia.org/wikipedia/commons/2/2b/RWS_Tarot_12_Hanged_Man.jpg"
    },
    {
      "type": "major",
      "name_short": "ar13",
      "name": "Death",
      "value": 13,
      "meaning_up": "End, mortality, destruction, corruption also, for a man, the loss of a benefactor for a woman, many contrarieties; for a maid, failure of marriage projects.",
      "meaning_rev": "Inertia, sleep, lethargy, petrifaction, somnambulism; hope destroyed.",
      "desc": "The veil or mask of life is perpetuated in change, transformation and passage from lower to higher, and this is more fitly represented in the rectified Tarot by one of the apocalyptic visions than by the crude notion of the reaping skeleton. Behind it lies the whole world of ascent in the spirit. The mysterious horseman moves slowly, bearing a black banner emblazoned with the Mystic Rose, which signifies life. Between two pillars on the verge of the horizon there shines the sun of immortality. The horseman carries no visible weapon, but king and child and maiden fall before him, while a prelate with clasped hands awaits his end.\nThere should be no need to point out that the suggestion of death which I have made in connection with the previous card is, of course, to be understood mystically, but this is not the case in the present instance. The natural transit of man to the next stage of his being either is or may be one form of his progress, but the exotic and almost unknown entrance, while still in this life, into the state of mystical death is a change in the form of consciousness and the passage into a state to which ordinary death is neither the path nor gate. The existing occult explanations of the 13th card are, on the whole, better than usual, rebirth, creation, destination, renewal, and the rest.",
      "img": "https://upload.wikimedia.org/wikipedia/commons/d/d7/RWS_Tarot_13_Death.jpg"
    },
    {
      "type": "major",
      "name_short": "ar14",
      "name": "Temperance",
      "value": 14,
      "meaning_up": "Economy, moderation, frugality, management, accommodation.",
      "meaning_rev": "Things connected with churches, religions, sects, the priesthood, sometimes even the priest who will marry the Querent; also disunion, unfortunate combinations, competing interests.",
      "desc": "A winged angel, with the sign of the sun upon his forehead and on his breast the square and triangle of the septenary. I speak of him in the masculine sense, but the figure is neither male nor female. It is held to be pouring the essences of life from chalice to chalice. It has one foot upon the earth and one upon waters, thus illustrating the nature of the essences. A direct path goes up to certain heights on the verge of the horizon, and above there is a great light, through which a crown is seen vaguely. Hereof is some part of the Secret of Eternal Life, as it is possible to man in his incarnation. All the conventional emblems are renounced herein.\nSo also are the conventional meanings, which refer to changes in the seasons, perpetual movement of life and even the combination of ideas. It is, moreover, untrue to say that the figure symbolizes the genius of the sun, though it is the analogy of solar light, realized in the third part of our human triplicity. It is called Temperance fantastically, because, when the rule of it obtains in our consciousness, it tempers, combines and harmonises the psychic and material natures. Under that rule we know in our rational part something of whence we came and whither we are going.",
      "img": "https://upload.wikimedia.org/wikipedia/commons/f/f8/RWS_Tarot_14_Temperance.jpg"
    },
    {
      "type": "major",
      "name_short": "ar15",
      "name": "The Devil",
      "value": 15,
      "meaning_up": "Ravage, violence, vehemence, extraordinary efforts, force, fatality; that which is predestined but is not for this reason evil.",
      "meaning_rev": "Evil fatality, weakness, pettiness, blindness.",
      "desc": "The design is an accommodation, mean or harmony, between several motives mentioned in the first part. The Horned Goat of Mendes, with wings like those of a bat, is standing on an altar. At the pit of the stomach there is the sign of Mercury. The right hand is upraised and extended, being the reverse of that benediction which is given by the Hierophant in the fifth card. In the left hand there is a great flaming torch, inverted towards the earth. A reversed pentagram is on the forehead. There is a ring in front of the altar, from which two chains are carried to the necks of two figures, male and female. These are analogous with those of the fifth card, as if Adam and Eve after the Fall. Hereof is the chain and fatality of the material life.\nThe figures are tailed, to signify the animal nature, but there is human intelligence in the faces, and he who is exalted above them is not to be their master for ever. Even now, he is also a bondsman, sustained by the evil that is in him and blind to the liberty of service. With more than his usual derision for the arts which he pretended to respect and interpret as a master therein, Éliphas Lévi affirms that the Baphometic figure is occult science and magic. Another commentator says that in the Divine world it signifies predestination, but there is no correspondence in that world with the things which below are of the brute. What it does signify is the Dweller on the Threshold without the Mystical Garden when those are driven forth therefrom who have eaten the forbidden fruit.",
      "img": "https://upload.wikimedia.org/wikipedia/commons/5/55/RWS_Tarot_15_Devil.jpg"
    },
    {
      "type": "major",
      "name_short": "ar16",
      "name": "The Tower",
      "value": 16,
      "meaning_up": "Misery, distress, indigence, adversity, calamity, disgrace, deception, ruin. It is a card in particular of unforeseen catastrophe.",
      "meaning_rev": "According to one account, the same in a lesser degree also oppression, imprisonment, tyranny.",
      "desc": "Occult explanations attached to this card are meagre and mostly disconcerting. It is idle to indicate that it depicts min in all its aspects, because it bears this evidence on the surface. It is said further that it contains the first allusion to a material building, but I do not conceive that the Tower is more or less material than the pillars which we have met with in three previous cases. I see nothing to warrant Papus in supposing that it is literally the fall of Adam, but there is more in favour of his alternative--that it signifies the materialization of the spiritual word. The bibliographer Christian imagines that it is the downfall of the mind, seeking to penetrate the mystery of God. I agree rather with Grand Orient that it is the ruin of the House of We, when evil has prevailed therein, and above all that it is the rending of a House of Doctrine. I understand that the reference is, however, to a House of Falsehood. It illustrates also in the most comprehensive way the old truth that \"except the Lord build the house, they labour in vain that build it.\"\nThere is a sense in which the catastrophe is a reflection from the previous card, but not on the side of the symbolism which I have tried to indicate therein. It is more correctly a question of analogy; one is concerned with the fall into the material and animal state, while the other signifies destruction on the intellectual side. The Tower has been spoken of as the chastisement of pride and the intellect overwhelmed in the attempt to penetrate the Mystery of God; but in neither case do these explanations account for the two persons who are the living sufferers. The one is the literal word made void and the other its false interpretation. In yet a deeper sense, it may signify also the end of a dispensation, but there is no possibility here for the consideration of this involved question.",
      "img": "https://upload.wikimedia.org/wikipedia/commons/5/53/RWS_Tarot_16_Tower.jpg"
    },
    {
      "type": "major",
      "name_short": "ar17",
      "name": "The Star",
      "value": 17,
      "meaning_up": "Loss, theft, privation, abandonment; another reading says-hope and bright prospects,",
      "meaning_rev": "Arrogance, haughtiness, impotence.",
      "desc": "A great, radiant star of eight rays, surrounded by seven lesser stars--also of eight rays. The female figure in the foreground is entirely naked. Her left knee is on the land and her right foot upon the water. She pours Water of Life from two great ewers, irrigating sea and land. Behind her is rising ground and on the right a shrub or tree, whereon a bird alights. The figure expresses eternal youth and beauty. The star is l'étoile flamboyante, which appears in Masonic symbolism, but has been confused therein. That which the figure communicates to the living scene is the substance of the heavens and the elements. It has been said truly that the mottoes of this card are \"Waters of Life freely\" and \"Gifts of the Spirit.\"\nThe summary of several tawdry explanations says that it is a card of hope. On other planes it has been certified as immortality and interior light. For the majority of prepared minds, the figure will appear as the type of Truth unveiled, glorious in undying beauty, pouring on the waters of the soul some part and measure of her priceless possession. But she is in reality the Great Mother in the Kabalistic Sephira Binah, which is supernal Understanding, who communicates to the Sephiroth that are below in the measure that they can receive her influx.",
      "img": "https://upload.wikimedia.org/wikipedia/commons/d/db/RWS_Tarot_17_Star.jpg"
    },
    {
      "type": "major",
      "name_short": "ar18",
      "name": "The Moon",
      "value": 18,
      "meaning_up": "Hidden enemies, danger, calumny, darkness, terror, deception, occult forces, error.",
      "meaning_rev": "Instability, inconstancy, silence, lesser degrees of deception and error.",
      "desc": "The distinction between this card and some of the conventional types is that the moon is increasing on what is called the side of mercy, to the right of the observer. It has sixteen chief and sixteen secondary rays. The card represents life of the imagination apart from life of the spirit. The path between the towers is the issue into the unknown. The dog and wolf are the fears of the natural mind in the presence of that place of exit, when there is only reflected light to guide it.\nThe last reference is a key to another form of symbolism. The intellectual light is a reflection and beyond it is the unknown mystery which it cannot shew forth. It illuminates our animal nature, types of which are represented below--the dog, the wolf and that which comes up out of the deeps, the nameless and hideous tendency which is lower than the savage beast. It strives to attain manifestation, symbolized by crawling from the abyss of water to the land, but as a rule it sinks back whence it came. The face of the mind directs a calm gaze upon the unrest below; the dew of thought falls; the message is: Peace, be still; and it may be that there shall come a calm upon the animal nature, while the abyss beneath shall cease from giving up a form.",
      "img": "https://upload.wikimedia.org/wikipedia/commons/7/7f/RWS_Tarot_18_Moon.jpg"
    },
    {
      "type": "major",
      "name_short": "ar19",
      "name": "The Sun",
      "value": 19,
      "meaning_up": "Material happiness, fortunate marriage, contentment.",
      "meaning_rev": "The same in a lesser sense.",
      "desc": "The naked child mounted on a white horse and displaying a red standard has been mentioned already as the better symbolism connected with this card. It is the destiny of the Supernatural East and the great and holy light which goes before the endless procession of humanity, coming out from the walled garden of the sensitive life and passing on the journey home. The card signifies, therefore, the transit from the manifest light of this world, represented by the glorious sun of earth, to the light of the world to come, which goes before aspiration and is typified by the heart of a child.\nBut the last allusion is again the key to a different form or aspect of the symbolism. The sun is that of consciousness in the spirit - the direct as the antithesis of the reflected light. The characteristic type of humanity has become a little child therein--a child in the sense of simplicity and innocence in the sense of wisdom. In that simplicity, he bears the seal of Nature and of Art; in that innocence, he signifies the restored world. When the self-knowing spirit has dawned in the consciousness above the natural mind, that mind in its renewal leads forth the animal nature in a state of perfect conformity.",
      "img": "https://upload.wikimedia.org/wikipedia/commons/1/17/RWS_Tarot_19_Sun.jpg"
    },
    {
      "type": "major",
      "name_short": "ar20",
      "name": "The Last Judgment",
      "value": 20,
      "meaning_up": "Change of position, renewal, outcome. Another account specifies total loss though lawsuit.",
      "meaning_rev": "Weakness, pusillanimity, simplicity; also deliberation, decision, sentence.",
      "desc": "I have said that this symbol is essentially invariable in all Tarot sets, or at least the variations do not alter its character. The great angel is here encompassed by clouds, but he blows his bannered trumpet, and the cross as usual is displayed on the banner. The dead are rising from their tombs--a woman on the right, a man on the left hand, and between them their child, whose back is turned. But in this card there are more than three who are restored, and it has been thought worth while to make this variation as illustrating the insufficiency of current explanations. It should be noted that all the figures are as one in the wonder, adoration and ecstacy expressed by their attitudes. It is the card which registers the accomplishment of the great work of transformation in answer to the summons of the Supernal--which summons is heard and answered from within.\nHerein is the intimation of a significance which cannot well be carried further in the present place. What is that within us which does sound a trumpet and all that is lower in our nature rises in response--almost in a moment, almost in the twinkling of an eye? Let the card continue to depict, for those who can see no further, the Last judgment and the resurrection in the natural body; but let those who have inward eyes look and discover therewith. They will understand that it has been called truly in the past a card of eternal life, and for this reason it may be compared with that which passes under the name of Temperance.",
      "img": "https://upload.wikimedia.org/wikipedia/commons/d/dd/RWS_Tarot_20_Judgement.jpg"
    },
    {
      "type": "major",
      "name_short": "ar00",
      "name": "The Fool",
      "value": 0,
      "meaning_up": "Folly, mania, extravagance, intoxication, delirium, frenzy, bewrayment.",
      "meaning_rev": "Negligence, absence, distribution, carelessness, apathy, nullity, vanity.",
      "desc": "With light step, as if earth and its trammels had little power to restrain him, a young man in gorgeous vestments pauses at the brink of a precipice among the great heights of the world; he surveys the blue distance before him-its expanse of sky rather than the prospect below. His act of eager walking is still indicated, though he is stationary at the given moment; his dog is still bounding. The edge which opens on the depth has no terror; it is as if angels were waiting to uphold him, if it came about that he leaped from the height. His countenance is full of intelligence and expectant dream. He has a rose in one hand and in the other a costly wand, from which depends over his right shoulder a wallet curiously embroidered. He is a prince of the other world on his travels through this one-all amidst the morning glory, in the keen air. The sun, which shines behind him, knows whence he came, whither he is going, and how he will return by another path after many days. He is the spirit in search of experience. Many symbols of the Instituted Mysteries are summarized in this card, which reverses, under high warrants, all the confusions that have preceded it.\nIn his Manual of Cartomancy, Grand Orient has a curious suggestion of the office of Mystic Fool, as apart of his process in higher divination; but it might call for more than ordinary gifts to put it into operation. We shall see how the card fares according to the common arts of fortune-telling, and it will be an example, to those who can discern, of the fact, otherwise so evident, that the Trumps Major had no place originally in the arts of psychic gambling, when cards are used as the counters and pretexts. Of the circumstances under which this art arose we know, however, very little. The conventional explanations say that the Fool signifies the flesh, the sensitive life, and by a peculiar satire its subsidiary name was at one time the alchemist, as depicting folly at the most insensate stage.",
      "img": "https://upload.wikimedia.org/wikipedia/commons/9/90/RWS_Tarot_00_Fool.jpg"
    },
    {
      "type": "major",
      "name_short": "ar21",
      "name": "The World",
      "value": 21,
      "meaning_up": "Assured success, recompense, voyage, route, emigration, flight, change of place.",
      "meaning_rev": "Inertia, fixity, stagnation, permanence.",
      "desc": "As this final message of the Major Trumps is unchanged--and indeed unchangeable--in respect of its design, it has been partly described already regarding its deeper sense. It represents also the perfection and end of the Cosmos, the secret which is within it, the rapture of the universe when it understands itself in God. It is further the state of the soul in the consciousness of Divine Vision, reflected from the self-knowing spirit. But these meanings are without prejudice to that which I have said concerning it on the material side.\nIt has more than one message on the macrocosmic side and is, for example, the state of the restored world when the law of manifestation shall have been carried to the highest degree of natural perfection. But it is perhaps more especially a story of the past, referring to that day when all was declared to be good, when the morning stars sang together and all the Sons of God shouted for joy. One of the worst explanations concerning it is that the figure symbolizes the Magus when he has reached the highest degree of initiation; another account says that it represents the absolute, which is ridiculous. The figure has been said to stand for Truth, which is, however, more properly allocated to the seventeenth card. Lastly, it has been called the Crown of the Magi.",
      "img": "https://upload.wikimedia.org/wikipedia/commons/f/ff/RWS_Tarot_21_World.jpg"
    },
    {
      "name": "Page of Wands",
      "name_short": "wapa",
      "value": 11,
      "suit": "wands",
      "type": "minor",
      "meaning_up": "Dark young man, faithful, a lover, an envoy, a postman. Beside a man, he will bear favourable testimony concerning him. A dangerous rival, if followed by the Page of Cups. Has the chief qualities of his suit. He may signify family intelligence.",
      "meaning_rev": "Anecdotes, announcements, evil news. Also indecision and the instability which accompanies it.",
      "desc": "In a scene similar to the former, a young man stands in the act of proclamation. He is unknown but faithful, and his tidings are strange.",
      "img": "https://upload.wikimedia.org/wikipedia/commons/6/6a/Wands11.jpg"
    },
    {
      "name": "Knight of Wands",
      "name_short": "wakn",
      "value": 12,
      "suit": "wands",
      "type": "minor",
      "meaning_up": "Departure, absence, flight, emigration. A dark young man, friendly. Change of residence.",
      "meaning_rev": "Rupture, division, interruption, discord.",
      "desc": "He is shewn as if upon a journey, armed with a short wand, and although mailed is not on a warlike errand. He is passing mounds or pyramids. The motion of the horse is a key to the character of its rider, and suggests the precipitate mood, or things connected therewith.",
      "img": "https://upload.wikimedia.org/wikipedia/commons/1/16/Wands12.jpg"
    },
    {
      "name": "Queen of Wands",
      "name_short": "waqu",
      "value": 13,
      "suit": "wands",
      "type": "minor",
      "meaning_up": "A dark woman, countrywoman, friendly, chaste, loving, honourable. If the card beside her signifies a man, she is well disposed towards him; if a woman, she is interested in the Querent. Also, love of money, or a certain success in business.",
      "meaning_rev": "Good, economical, obliging, serviceable. Signifies also--but in certain positions and in the neighbourhood of other cards tending in such directions--opposition, jealousy, even deceit and infidelity.",
      "desc": "The Wands throughout this suit are always in leaf, as it is a suit of life and animation. Emotionally and otherwise, the Queen's personality corresponds to that of the King, but is more magnetic.",
      "img": "https://upload.wikimedia.org/wikipedia/commons/0/0d/Wands13.jpg"
    },
    {
      "name": "King of Wands",
      "name_short": "waki",
      "value": 14,
      "suit": "wands",
      "type": "minor",
      "meaning_up": "Dark man, friendly, countryman, generally married, honest and conscientious. The card always signifies honesty, and may mean news concerning an unexpected heritage to fall in before very long.",
      "meaning_rev": "Good, but severe; austere, yet tolerant.",
      "desc": "The physical and emotional nature to which this card is attributed is dark, ardent, lithe, animated, impassioned, noble. The King uplifts a flowering wand, and wears, like his three correspondences in the remaining suits, what is called a cap of maintenance beneath his crown. He connects with the symbol of the lion, which is emblazoned on the back of his throne.",
      "img": "https://upload.wikimedia.org/wikipedia/commons/c/ce/Wands14.jpg"
    },
    {
      "name": "Ace of Wands",
      "name_short": "waac",
      "value": 1,
      "suit": "wands",
      "type": "minor",
      "meaning_up": "Creation, invention, enterprise, the powers which result in these; principle, beginning, source; birth, family, origin, and in a sense the virility which is behind them; the starting point of enterprises; according to another account, money, fortune, inheritance.",
      "meaning_rev": "Fall, decadence, ruin, perdition, to perish also a certain clouded joy.",
      "desc": "A hand issuing from a cloud grasps a stout wand or club.",
      "img": "https://upload.wikimedia.org/wikipedia/commons/1/11/Wands01.jpg"
    },
    {
      "name": "Two of Wands",
      "name_short": "wa02",
      "value": 2,
      "suit": "wands",
      "type": "minor",
      "meaning_up": "Between the alternative readings there is no marriage possible; on the one hand, riches, fortune, magnificence; on the other, physical suffering, disease, chagrin, sadness, mortification. The design gives one suggestion; here is a lord overlooking his dominion and alternately contemplating a globe; it looks like the malady, the mortification, the sadness of Alexander amidst the grandeur of this world's wealth.",
      "meaning_rev": "Surprise, wonder, enchantment, emotion, trouble, fear.",
      "desc": "A tall man looks from a battlemented roof over sea and shore; he holds a globe in his right hand, while a staff in his left rests on the battlement; another is fixed in a ring. The Rose and Cross and Lily should be noticed on the left side.",
      "img": "https://upload.wikimedia.org/wikipedia/commons/0/0f/Wands02.jpg"
    },
    {
      "name": "Three of Wands",
      "name_short": "wa03",
      "value": 3,
      "suit": "wands",
      "type": "minor",
      "meaning_up": "He symbolizes established strength, enterprise, effort, trade, commerce, discovery; those are his ships, bearing his merchandise, which are sailing over the sea. The card also signifies able co-operation in business, as if the successful merchant prince were looking from his side towards yours with a view to help you.",
      "meaning_rev": "The end of troubles, suspension or cessation of adversity, toil and disappointment.",
      "desc": "A calm, stately personage, with his back turned, looking from a cliff's edge at ships passing over the sea. Three staves are planted in the ground, and he leans slightly on one of them.",
      "img": "https://upload.wikimedia.org/wikipedia/commons/f/ff/Wands03.jpg"
    },
    {
      "name": "Four of Wands",
      "name_short": "wa04",
      "value": 4,
      "suit": "wands",
      "type": "minor",
      "meaning_up": "They are for once almost on the surface--country life, haven of refuge, a species of domestic harvest-home, repose, concord, harmony, prosperity, peace, and the perfected work of these.",
      "meaning_rev": "The meaning remains unaltered; it is prosperity, increase, felicity, beauty, embellishment.",
      "desc": "From the four great staves planted in the foreground there is a great garland suspended; two female figures uplift nosegays; at their side is a bridge over a moat, leading to an old manorial house.",
      "img": "https://upload.wikimedia.org/wikipedia/commons/a/a4/Wands04.jpg"
    },
    {
      "name": "Five of Wands",
      "name_short": "wa05",
      "value": 5,
      "suit": "wands",
      "type": "minor",
      "meaning_up": "Imitation, as, for example, sham fight, but also the strenuous competition and struggle of the search after riches and fortune. In this sense it connects with the battle of life. Hence some attributions say that it is a card of gold, gain, opulence.",
      "meaning_rev": "Litigation, disputes, trickery, contradiction.",
      "desc": "A posse of youths, who are brandishing staves, as if in sport or strife. It is mimic warfare, and hereto correspond the",
      "img": "https://upload.wikimedia.org/wikipedia/commons/9/9d/Wands05.jpg"
    },
    {
      "name": "Six of Wands",
      "name_short": "wa06",
      "value": 6,
      "suit": "wands",
      "type": "minor",
      "meaning_up": "The card has been so designed that it can cover several significations; on the surface, it is a victor triumphing, but it is also great news, such as might be carried in state by the King's courier; it is expectation crowned with its own desire, the crown of hope, and so forth.",
      "meaning_rev": "Apprehension, fear, as of a victorious enemy at the gate; treachery, disloyalty, as of gates being opened to the enemy; also indefinite delay.",
      "desc": "A laurelled horseman bears one staff adorned with a laurel crown; footmen with staves are at his side.",
      "img": "https://upload.wikimedia.org/wikipedia/commons/3/3b/Wands06.jpg"
    },
    {
      "name": "Seven of Wands",
      "name_short": "wa07",
      "value": 7,
      "suit": "wands",
      "type": "minor",
      "meaning_up": "It is a card of valour, for, on the surface, six are attacking one, who has, however, the vantage position. On the intellectual plane, it signifies discussion, wordy strife; in business--negotiations, war of trade, barter, competition. It is further a card of success, for the combatant is on the top and his enemies may be unable to reach him.",
      "meaning_rev": "Perplexity, embarrassments, anxiety. It is also a caution against indecision.",
      "desc": "A young man on a craggy eminence brandishing a staff; six other staves are raised towards him from below.",
      "img": "https://upload.wikimedia.org/wikipedia/commons/e/e4/Wands07.jpg"
    },
    {
      "name": "Eight of Wands",
      "name_short": "wa08",
      "value": 8,
      "suit": "wands",
      "type": "minor",
      "meaning_up": "Activity in undertakings, the path of such activity, swiftness, as that of an express messenger; great haste, great hope, speed towards an end which promises assured felicity; generally, that which is on the move; also the arrows of love.",
      "meaning_rev": "Arrows of jealousy, internal dispute, stingings of conscience, quarrels; and domestic disputes for persons who are married.",
      "desc": "The card represents motion through the immovable-a flight of wands through an open country; but they draw to the term of their course. That which they signify is at hand; it may be even on the threshold.",
      "img": "https://upload.wikimedia.org/wikipedia/commons/6/6b/Wands08.jpg"
    },
    {
      "name": "Nine of Wands",
      "name_short": "wa09",
      "value": 9,
      "suit": "wands",
      "type": "minor",
      "meaning_up": "The card signifies strength in opposition. If attacked, the person will meet an onslaught boldly; and his build shews, that he may prove a formidable antagonist. With this main significance there are all its possible adjuncts--delay, suspension, adjournment.",
      "meaning_rev": "Obstacles, adversity, calamity.",
      "desc": "The figure leans upon his staff and has an expectant look, as if awaiting an enemy. Behind are eight other staves--erect, in orderly disposition, like a palisade.",
      "img": "https://upload.wikimedia.org/wikipedia/commons/4/4d/Tarot_Nine_of_Wands.jpg"
    },
    {
      "name": "Ten of Wands",
      "name_short": "wa10",
      "value": 10,
      "suit": "wands",
      "type": "minor",
      "meaning_up": "A card of many significances, and some of the readings cannot be harmonized. I set aside that which connects it with honour and good faith. The chief meaning is oppression simply, but it is also fortune, gain, any kind of success, and then it is the oppression of these things. It is also a card of false-seeming, disguise, perfidy. The place which the figure is approaching may suffer from the rods that he carries. Success is stultified if the Nine of Swords follows, and if it is a question of a lawsuit, there will be certain loss.",
      "meaning_rev": "Contrarieties, difficulties, intrigues, and their analogies.",
      "desc": "A man oppressed by the weight of the ten staves which he is carrying.",
      "img": "https://upload.wikimedia.org/wikipedia/commons/0/0b/Wands10.jpg"
    },
    {
      "name": "Page of Cups",
      "name_short": "cupa",
      "value": 11,
      "suit": "cups",
      "type": "minor",
      "meaning_up": "Fair young man, one impelled to render service and with whom the Querent will be connected; a studious youth; news, message; application, reflection, meditation; also these things directed to business.",
      "meaning_rev": "Taste, inclination, attachment, seduction, deception, artifice.",
      "desc": "A fair, pleasing, somewhat effeminate page, of studious and intent aspect, contemplates a fish rising from a cup to look at him. It is the pictures of the mind taking form.",
      "img": "https://upload.wikimedia.org/wikipedia/commons/a/ad/Cups11.jpg"
    },
    {
      "name": "Knight of Cups",
      "name_short": "cukn",
      "value": 12,
      "suit": "cups",
      "type": "minor",
      "meaning_up": "Arrival, approach--sometimes that of a messenger; advances, proposition, demeanour, invitation, incitement.",
      "meaning_rev": "Trickery, artifice, subtlety, swindling, duplicity, fraud.",
      "desc": "Graceful, but not warlike; riding quietly, wearing a winged helmet, referring to those higher graces of the imagination which sometimes characterize this card. He too is a dreamer, but the images of the side of sense haunt him in his vision.",
      "img": "https://upload.wikimedia.org/wikipedia/commons/f/fa/Cups12.jpg"
    },
    {
      "name": "Queen of Cups",
      "name_short": "cuqu",
      "value": 13,
      "suit": "cups",
      "type": "minor",
      "meaning_up": "Good, fair woman; honest, devoted woman, who will do service to the Querent; loving intelligence, and hence the gift of vision; success, happiness, pleasure; also wisdom, virtue; a perfect spouse and a good mother.",
      "meaning_rev": "The accounts vary; good woman; otherwise, distinguished woman but one not to be trusted; perverse woman; vice, dishonour, depravity.",
      "desc": "Beautiful, fair, dreamy--as one who sees visions in a cup. This is, however, only one of her aspects; she sees, but she also acts, and her activity feeds her dream.",
      "img": "https://upload.wikimedia.org/wikipedia/commons/6/62/Cups13.jpg"
    },
    {
      "name": "King of Cups",
      "name_short": "cuki",
      "value": 14,
      "suit": "cups",
      "type": "minor",
      "meaning_up": "Fair man, man of business, law, or divinity; responsible, disposed to oblige the Querent; also equity, art and science, including those who profess science, law and art; creative intelligence.",
      "meaning_rev": "Dishonest, double-dealing man; roguery, exaction, injustice, vice, scandal, pillage, considerable loss.",
      "desc": "He holds a short sceptre in his left hand and a great cup in his right; his throne is set upon the sea; on one side a ship is riding and on the other a dolphin is leaping. The implicit is that the Sign of the Cup naturally refers to water, which appears in all the court cards.",
      "img": "https://upload.wikimedia.org/wikipedia/commons/0/04/Cups14.jpg"
    },
    {
      "name": "Ace of Cups",
      "name_short": "cuac",
      "value": 1,
      "suit": "cups",
      "type": "minor",
      "meaning_up": "House of the true heart, joy, content, abode, nourishment, abundance, fertility; Holy Table, felicity hereof.",
      "meaning_rev": "House of the false heart, mutation, instability, revolution.",
      "desc": "The waters are beneath, and thereon are water-lilies; the hand issues from the cloud, holding in its palm the cup, from which four streams are pouring; a dove, bearing in its bill a cross-marked Host, descends to place the Wafer in the Cup; the dew of water is falling on all sides. It is an intimation of that which may lie behind the Lesser Arcana.",
      "img": "https://upload.wikimedia.org/wikipedia/commons/3/36/Cups01.jpg"
    },
    {
      "name": "Two of Cups",
      "name_short": "cu02",
      "value": 2,
      "suit": "cups",
      "type": "minor",
      "meaning_up": "Love, passion, friendship, affinity, union, concord, sympathy, the interrelation of the sexes, and--as a suggestion apart from all offices of divination--that desire which is not in Nature, but by which Nature is sanctified.",
      "meaning_rev": "Lust, cupidity, jealousy, wish, desire, but the card may also give, says W., \"that desire which is not in nature, but by which nature is sanctified.\"",
      "desc": "A youth and maiden are pledging one another, and above their cups rises the Caduceus of Hermes, between the great wings of which there appears a lion's head. It is a variant of a sign which is found in a few old examples of this card. Some curious emblematical meanings are attached to it, but they do not concern us in this place.",
      "img": "https://upload.wikimedia.org/wikipedia/commons/f/f8/Cups02.jpg"
    },
    {
      "name": "Three of Cups",
      "name_short": "cu03",
      "value": 3,
      "suit": "cups",
      "type": "minor",
      "meaning_up": "The conclusion of any matter in plenty, perfection and merriment; happy issue, victory, fulfilment, solace, healing,",
      "meaning_rev": "Expedition, dispatch, achievement, end. It signifies also the side of excess in physical enjoyment, and the pleasures of the senses.",
      "desc": "Maidens in a garden-ground with cups uplifted, as if pledging one another.",
      "img": "https://upload.wikimedia.org/wikipedia/commons/7/7a/Cups03.jpg"
    },
    {
      "name": "Four of Cups",
      "name_short": "cu04",
      "value": 4,
      "suit": "cups",
      "type": "minor",
      "meaning_up": "Weariness, disgust, aversion, imaginary vexations, as if the wine of this world had caused satiety only; another wine, as if a fairy gift, is now offered the wastrel, but he sees no consolation therein. This is also a card of blended pleasure.",
      "meaning_rev": "Novelty, presage, new instruction, new relations.",
      "desc": "A young man is seated under a tree and contemplates three cups set on the grass before him; an arm issuing from a cloud offers him another cup. His expression notwithstanding is one of discontent with his environment.",
      "img": "https://upload.wikimedia.org/wikipedia/commons/3/35/Cups04.jpg"
    },
    {
      "name": "Five of Cups",
      "name_short": "cu05",
      "value": 5,
      "suit": "cups",
      "type": "minor",
      "meaning_up": "A dark, cloaked figure, looking sideways at three prone cups two others stand upright behind him; a bridge is in the background, leading to a small keep or holding. Divanatory Meanings: It is a card of loss, but something remains over; three have been taken, but two are left; it is a card of inheritance, patrimony, transmission, but not corresponding to expectations; with some interpreters it is a card of marriage, but not without bitterness or frustration.",
      "meaning_rev": "News, alliances, affinity, consanguinity, ancestry, return, false projects.",
      "desc": "A dark, cloaked figure, looking sideways at three prone cups two others stand upright behind him; a bridge is in the background, leading to a small keep or holding. Divanatory Meanings: It is a card of loss, but something remains over; three have been taken, but two are left; it is a card of inheritance, patrimony, transmission, but not corresponding to expectations; with some interpreters it is a card of marriage, but not without bitterness or frustration. Reversed: News, alliances, affinity, consanguinity, ancestry, return, false projects",
      "img": "https://upload.wikimedia.org/wikipedia/commons/d/d7/Cups05.jpg"
    },
    {
      "name": "Six of Cups",
      "name_short": "cu06",
      "value": 6,
      "suit": "cups",
      "type": "minor",
      "meaning_up": "A card of the past and of memories, looking back, as--for example--on childhood; happiness, enjoyment, but coming rather from the past; things that have vanished. Another reading reverses this, giving new relations, new knowledge, new environment, and then the children are disporting in an unfamiliar precinct.",
      "meaning_rev": "The future, renewal, that which will come to pass presently.",
      "desc": "Children in an old garden, their cups filled with flowers.",
      "img": "https://upload.wikimedia.org/wikipedia/commons/1/17/Cups06.jpg"
    },
    {
      "name": "Seven of Cups",
      "name_short": "cu07",
      "value": 7,
      "suit": "cups",
      "type": "minor",
      "meaning_up": "Fairy favours, images of reflection, sentiment, imagination, things seen in the glass of contemplation; some attainment in these degrees, but nothing permanent or substantial is suggested.",
      "meaning_rev": "Desire, will, determination, project.",
      "desc": "Strange chalices of vision, but the images are more especially those of the fantastic spirit.",
      "img": "https://upload.wikimedia.org/wikipedia/commons/a/ae/Cups07.jpg"
    },
    {
      "name": "Eight of Cups",
      "name_short": "cu08",
      "value": 8,
      "suit": "cups",
      "type": "minor",
      "meaning_up": "The card speaks for itself on the surface, but other readings are entirely antithetical--giving joy, mildness, timidity, honour, modesty. In practice, it is usually found that the card shews the decline of a matter, or that a matter which has been thought to be important is really of slight consequence--either for good or evil.",
      "meaning_rev": "Great joy, happiness, feasting.",
      "desc": "A man of dejected aspect is deserting the cups of his felicity, enterprise, undertaking or previous concern.",
      "img": "https://upload.wikimedia.org/wikipedia/commons/6/60/Cups08.jpg"
    },
    {
      "name": "Nine of Cups",
      "name_short": "cu09",
      "value": 9,
      "suit": "cups",
      "type": "minor",
      "meaning_up": "Concord, contentment, physical bien-être; also victory, success, advantage; satisfaction for the Querent or person for whom the consultation is made.",
      "meaning_rev": "Truth, loyalty, liberty; but the readings vary and include mistakes, imperfections, etc.",
      "desc": "A goodly personage has feasted to his heart's content, and abundant refreshment of wine is on the arched counter behind him, seeming to indicate that the future is also assured. The picture offers the material side only, but there are other aspects.",
      "img": "https://upload.wikimedia.org/wikipedia/commons/2/24/Cups09.jpg"
    },
    {
      "name": "Ten of Cups",
      "name_short": "cu10",
      "value": 10,
      "suit": "cups",
      "type": "minor",
      "meaning_up": "Contentment, repose of the entire heart; the perfection of that state; also perfection of human love and friendship; if with several picture-cards, a person who is taking charge of the Querent's interests; also the town, village or country inhabited by the Querent.",
      "meaning_rev": "Repose of the false heart, indignation, violence.",
      "desc": "Appearance of Cups in a rainbow; it is contemplated in wonder and ecstacy by a man and woman below, evidently husband and wife. His right arm is about her; his left is raised upward; she raises her right arm. The two children dancing near them have not observed the prodigy but are happy after their own manner. There is a home-scene beyond.",
      "img": "https://upload.wikimedia.org/wikipedia/commons/8/84/Cups10.jpg"
    },
    {
      "name": "Page of Pentacles",
      "name_short": "pepa",
      "value": 11,
      "suit": "pentacles",
      "type": "minor",
      "meaning_up": "Application, study, scholarship, reflection another reading says news, messages and the bringer thereof; also rule, management.",
      "meaning_rev": "Prodigality, dissipation, liberality, luxury; unfavourable news.",
      "desc": "A youthful figure, looking intently at the pentacle which hovers over his raised hands. He moves slowly, insensible of that which is about him.",
      "img": "https://upload.wikimedia.org/wikipedia/commons/e/ec/Pents11.jpg"
    },
    {
      "name": "Knight of Pentacles",
      "name_short": "pekn",
      "value": 12,
      "suit": "pentacles",
      "type": "minor",
      "meaning_up": "Utility, serviceableness, interest, responsibility, rectitude-all on the normal and external plane.",
      "meaning_rev": "inertia, idleness, repose of that kind, stagnation; also placidity, discouragement, carelessness.",
      "desc": "He rides a slow, enduring, heavy horse, to which his own aspect corresponds. He exhibits his symbol, but does not look therein.",
      "img": "https://upload.wikimedia.org/wikipedia/commons/d/d5/Pents12.jpg"
    },
    {
      "name": "Queen of Pentacles",
      "name_short": "pequ",
      "value": 13,
      "suit": "pentacles",
      "type": "minor",
      "meaning_up": "Opulence, generosity, magnificence, security, liberty.",
      "meaning_rev": "Evil, suspicion, suspense, fear, mistrust.",
      "desc": "The face suggests that of a dark woman, whose qualities might be summed up in the idea of greatness of soul; she has also the serious cast of intelligence; she contemplates her symbol and may see worlds therein.",
      "img": "https://upload.wikimedia.org/wikipedia/commons/8/88/Pents13.jpg"
    },
    {
      "name": "King of Pentacles",
      "name_short": "peki",
      "value": 14,
      "suit": "pentacles",
      "type": "minor",
      "meaning_up": "Valour, realizing intelligence, business and normal intellectual aptitude, sometimes mathematical gifts and attainments of this kind; success in these paths.",
      "meaning_rev": "Vice, weakness, ugliness, perversity, corruption, peril.",
      "desc": "The figure calls for no special description the face is rather dark, suggesting also courage, but somewhat lethargic in tendency. The bull's head should be noted as a recurrent symbol on the throne. The sign of this suit is represented throughout as engraved or blazoned with the pentagram, typifying the correspondence of the four elements in human nature and that by which they may be governed. In many old Tarot packs this suit stood for current coin, money, deniers. I have not invented the substitution of pentacles and I have no special cause to sustain in respect of the alternative. But the consensus of divinatory meanings is on the side of some change, because the cards do not happen to deal especially with questions of money.",
      "img": "https://upload.wikimedia.org/wikipedia/commons/1/1c/Pents14.jpg"
    },
    {
      "name": "Ace of Pentacles",
      "name_short": "peac",
      "value": 1,
      "suit": "pentacles",
      "type": "minor",
      "meaning_up": "Perfect contentment, felicity, ecstasy; also speedy intelligence; gold.",
      "meaning_rev": "The evil side of wealth, bad intelligence; also great riches. In any case it shews prosperity, comfortable material conditions, but whether these are of advantage to the possessor will depend on whether the card is reversed or not.",
      "desc": "A hand--issuing, as usual, from a cloud--holds up a pentacle.",
      "img": "https://upload.wikimedia.org/wikipedia/commons/f/fd/Pents01.jpg"
    },
    {
      "name": "Two of Pentacles",
      "name_short": "pe02",
      "value": 2,
      "suit": "pentacles",
      "type": "minor",
      "meaning_up": "On the one hand it is represented as a card of gaiety, recreation and its connexions, which is the subject of the design; but it is read also as news and messages in writing, as obstacles, agitation, trouble, embroilment.",
      "meaning_rev": "Enforced gaiety, simulated enjoyment, literal sense, handwriting, composition, letters of exchange.",
      "desc": "A young man, in the act of dancing, has a pentacle in either hand, and they are joined by that endless cord which is like the number 8 reversed.",
      "img": "https://upload.wikimedia.org/wikipedia/commons/9/9f/Pents02.jpg"
    },
    {
      "name": "Three of Pentacles",
      "name_short": "pe03",
      "value": 3,
      "suit": "pentacles",
      "type": "minor",
      "meaning_up": "Métier, trade, skilled labour; usually, however, regarded as a card of nobility, aristocracy, renown, glory.",
      "meaning_rev": "Mediocrity, in work and otherwise, puerility, pettiness, weakness.",
      "desc": "A sculptor at his work in a monastery. Compare the design which illustrates the Eight of Pentacles. The apprentice or amateur therein has received his reward and is now at work in earnest.",
      "img": "https://upload.wikimedia.org/wikipedia/commons/4/42/Pents03.jpg"
    },
    {
      "name": "Four of Pentacles",
      "name_short": "pe04",
      "value": 4,
      "suit": "pentacles",
      "type": "minor",
      "meaning_up": "The surety of possessions, cleaving to that which one has, gift, legacy, inheritance.",
      "meaning_rev": "Suspense, delay, opposition.",
      "desc": "A crowned figure, having a pentacle over his crown, clasps another with hands and arms; two pentacles are under his feet. He holds to that which he has.",
      "img": "https://upload.wikimedia.org/wikipedia/commons/3/35/Pents04.jpg"
    },
    {
      "name": "Five of Pentacles",
      "name_short": "pe05",
      "value": 5,
      "suit": "pentacles",
      "type": "minor",
      "meaning_up": "The card foretells material trouble above all, whether in the form illustrated--that is, destitution--or otherwise. For some cartomancists, it is a card of love and lovers-wife, husband, friend, mistress; also concordance, affinities. These alternatives cannot be harmonized.",
      "meaning_rev": "Disorder, chaos, ruin, discord, profligacy.",
      "desc": "Two mendicants in a snow-storm pass a lighted casement.",
      "img": "https://upload.wikimedia.org/wikipedia/commons/9/96/Pents05.jpg"
    },
    {
      "name": "Six of Pentacles",
      "name_short": "pe06",
      "value": 6,
      "suit": "pentacles",
      "type": "minor",
      "meaning_up": "Presents, gifts, gratification another account says attention, vigilance now is the accepted time, present prosperity, etc.",
      "meaning_rev": "Desire, cupidity, envy, jealousy, illusion.",
      "desc": "A person in the guise of a merchant weighs money in a pair of scales and distributes it to the needy and distressed. It is a testimony to his own success in life, as well as to his goodness of heart.",
      "img": "https://upload.wikimedia.org/wikipedia/commons/a/a6/Pents06.jpg"
    },
    {
      "name": "Seven of Pentacles",
      "name_short": "pe07",
      "value": 7,
      "suit": "pentacles",
      "type": "minor",
      "meaning_up": "These are exceedingly contradictory; in the main, it is a card of money, business, barter; but one reading gives altercation, quarrels--and another innocence, ingenuity, purgation.",
      "meaning_rev": "Cause for anxiety regarding money which it may be proposed to lend.",
      "desc": "A young man, leaning on his staff, looks intently at seven pentacles attached to a clump of greenery on his right; one would say that these were his treasures and that his heart was there.",
      "img": "https://upload.wikimedia.org/wikipedia/commons/6/6a/Pents07.jpg"
    },
    {
      "name": "Eight of Pentacles",
      "name_short": "pe08",
      "value": 8,
      "suit": "pentacles",
      "type": "minor",
      "meaning_up": "Work, employment, commission, craftsmanship, skill in craft and business, perhaps in the preparatory stage.",
      "meaning_rev": "Voided ambition, vanity, cupidity, exaction, usury. It may also signify the possession of skill, in the sense of the ingenious mind turned to cunning and intrigue.",
      "desc": "An artist in stone at his work, which he exhibits in the form of trophies.",
      "img": "https://upload.wikimedia.org/wikipedia/commons/4/49/Pents08.jpg"
    },
    {
      "name": "Nine of Pentacles",
      "name_short": "pe09",
      "value": 9,
      "suit": "pentacles",
      "type": "minor",
      "meaning_up": "Prudence, safety, success, accomplishment, certitude, discernment.",
      "meaning_rev": "Roguery, deception, voided project, bad faith.",
      "desc": "A woman, with a bird upon her wrist, stands amidst a great abundance of grapevines in the garden of a manorial house. It is a wide domain, suggesting plenty in all things. Possibly it is her own possession and testifies to material well-being.",
      "img": "https://upload.wikimedia.org/wikipedia/commons/f/f0/Pents09.jpg"
    },
    {
      "name": "Ten of Pentacles",
      "name_short": "pe10",
      "value": 10,
      "suit": "pentacles",
      "type": "minor",
      "meaning_up": "Gain, riches; family matters, archives, extraction, the abode of a family.",
      "meaning_rev": "Chance, fatality, loss, robbery, games of hazard; sometimes gift, dowry, pension.",
      "desc": "A man and woman beneath an archway which gives entrance to a house and domain. They are accompanied by a child, who looks curiously at two dogs accosting an ancient personage seated in the foreground. The child's hand is on one of them.",
      "img": "https://upload.wikimedia.org/wikipedia/commons/4/42/Pents10.jpg"
    },
    {
      "name": "Page of Swords",
      "name_short": "swpa",
      "value": 11,
      "suit": "swords",
      "type": "minor",
      "meaning_up": "Authority, overseeing, secret service, vigilance, spying, examination, and the qualities thereto belonging.",
      "meaning_rev": "More evil side of these qualities; what is unforeseen, unprepared state; sickness is also intimated.",
      "desc": "A lithe, active figure holds a sword upright in both hands, while in the act of swift walking. He is passing over rugged land, and about his way the clouds are collocated wildly. He is alert and lithe, looking this way and that, as if an expected enemy might appear at any moment.",
      "img": "https://upload.wikimedia.org/wikipedia/commons/4/4c/Swords11.jpg"
    },
    {
      "name": "Knight of Swords",
      "name_short": "swkn",
      "value": 12,
      "suit": "swords",
      "type": "minor",
      "meaning_up": "Skill, bravery, capacity, defence, address, enmity, wrath, war, destruction, opposition, resistance, ruin. There is therefore a sense in which the card signifies death, but it carries this meaning only in its proximity to other cards of fatality.",
      "meaning_rev": "Imprudence, incapacity, extravagance.",
      "desc": "He is riding in full course, as if scattering his enemies. In the design he is really a prototypical hero of romantic chivalry. He might almost be Galahad, whose sword is swift and sure because he is clean of heart.",
      "img": "https://upload.wikimedia.org/wikipedia/commons/b/b0/Swords12.jpg"
    },
    {
      "name": "Queen of Swords",
      "name_short": "swqu",
      "value": 13,
      "suit": "swords",
      "type": "minor",
      "meaning_up": "Widowhood, female sadness and embarrassment, absence, sterility, mourning, privation, separation.",
      "meaning_rev": "Malice, bigotry, artifice, prudery, bale, deceit.",
      "desc": "Her right hand raises the weapon vertically and the hilt rests on an arm of her royal chair the left hand is extended, the arm raised her countenance is severe but chastened; it suggests familiarity with sorrow. It does not represent mercy, and, her sword notwithstanding, she is scarcely a symbol of power.",
      "img": "https://upload.wikimedia.org/wikipedia/commons/d/d4/Swords13.jpg"
    },
    {
      "name": "King of Swords",
      "name_short": "swki",
      "value": 14,
      "suit": "swords",
      "type": "minor",
      "meaning_up": "Whatsoever arises out of the idea of judgment and all its connexions-power, command, authority, militant intelligence, law, offices of the crown, and so forth.",
      "meaning_rev": "Cruelty, perversity, barbarity, perfidy, evil intention.",
      "desc": "He sits in judgment, holding the unsheathed sign of his suit. He recalls, of course, the conventional Symbol of justice in the Trumps Major, and he may represent this virtue, but he is rather the power of life and death, in virtue of his office.",
      "img": "https://upload.wikimedia.org/wikipedia/commons/3/33/Swords14.jpg"
    },
    {
      "name": "Ace of Swords",
      "name_short": "swac",
      "value": 1,
      "suit": "swords",
      "type": "minor",
      "meaning_up": "Triumph, the excessive degree in everything, conquest, triumph of force. It is a card of great force, in love as well as in hatred. The crown may carry a much higher significance than comes usually within the sphere of fortune-telling.",
      "meaning_rev": "The same, but the results are disastrous; another account says--conception, childbirth, augmentation, multiplicity.",
      "desc": "A hand issues from a cloud, grasping as word, the point of which is encircled by a crown.",
      "img": "https://upload.wikimedia.org/wikipedia/commons/1/1a/Swords01.jpg"
    },
    {
      "name": "Two of Swords",
      "name_short": "sw02",
      "value": 2,
      "suit": "swords",
      "type": "minor",
      "meaning_up": "Conformity and the equipoise which it suggests, courage, friendship, concord in a state of arms; another reading gives tenderness, affection, intimacy. The suggestion of harmony and other favourable readings must be considered in a qualified manner, as Swords generally are not symbolical of beneficent forces in human affairs.",
      "meaning_rev": "Imposture, falsehood, duplicity, disloyalty.",
      "desc": "A hoodwinked female figure balances two swords upon her shoulders.",
      "img": "https://upload.wikimedia.org/wikipedia/commons/9/9e/Swords02.jpg"
    },
    {
      "name": "Three of Swords",
      "name_short": "sw03",
      "value": 3,
      "suit": "swords",
      "type": "minor",
      "meaning_up": "Removal, absence, delay, division, rupture, dispersion, and all that the design signifies naturally, being too simple and obvious to call for specific enumeration.",
      "meaning_rev": "Mental alienation, error, loss, distraction, disorder, confusion.",
      "desc": "Three swords piercing a heart; cloud and rain behind.",
      "img": "https://upload.wikimedia.org/wikipedia/commons/0/02/Swords03.jpg"
    },
    {
      "name": "Four of Swords",
      "name_short": "sw04",
      "value": 4,
      "suit": "swords",
      "type": "minor",
      "meaning_up": "Vigilance, retreat, solitude, hermit's repose, exile, tomb and coffin. It is these last that have suggested the design.",
      "meaning_rev": "Wise administration, circumspection, economy, avarice, precaution, testament.",
      "desc": "The effigy of a knight in the attitude of prayer, at full length upon his tomb.",
      "img": "https://upload.wikimedia.org/wikipedia/commons/b/bf/Swords04.jpg"
    },
    {
      "name": "Five of Swords",
      "name_short": "sw05",
      "value": 5,
      "suit": "swords",
      "type": "minor",
      "meaning_up": "Degradation, destruction, revocation, infamy, dishonour, loss, with the variants and analogues of these.",
      "meaning_rev": "The same; burial and obsequies.",
      "desc": "A disdainful man looks after two retreating and dejected figures. Their swords lie upon the ground. He carries two others on his left shoulder, and a third sword is in his right hand, point to earth. He is the master in possession of the field.",
      "img": "https://upload.wikimedia.org/wikipedia/commons/2/23/Swords05.jpg"
    },
    {
      "name": "Six of Swords",
      "name_short": "sw06",
      "value": 6,
      "suit": "swords",
      "type": "minor",
      "meaning_up": "Journey by water, route, way, envoy, commissionary, expedient.",
      "meaning_rev": "Declaration, confession, publicity; one account says that it is a proposal of love.",
      "desc": "A ferryman carrying passengers in his punt to the further shore. The course is smooth, and seeing that the freight is light, it may be noted that the work is not beyond his strength.",
      "img": "https://upload.wikimedia.org/wikipedia/commons/2/29/Swords06.jpg"
    },
    {
      "name": "Seven of Swords",
      "name_short": "sw07",
      "value": 7,
      "suit": "swords",
      "type": "minor",
      "meaning_up": "Design, attempt, wish, hope, confidence; also quarrelling, a plan that may fail, annoyance. The design is uncertain in its import, because the significations are widely at variance with each other.",
      "meaning_rev": "Good advice, counsel, instruction, slander, babbling.",
      "desc": "A man in the act of carrying away five swords rapidly; the two others of the card remain stuck in the ground. A camp is close at hand.",
      "img": "https://upload.wikimedia.org/wikipedia/commons/3/34/Swords07.jpg"
    },
    {
      "name": "Eight of Swords",
      "name_short": "sw08",
      "value": 8,
      "suit": "swords",
      "type": "minor",
      "meaning_up": "Bad news, violent chagrin, crisis, censure, power in trammels, conflict, calumny; also sickness.",
      "meaning_rev": "Disquiet, difficulty, opposition, accident, treachery; what is unforeseen; fatality.",
      "desc": "A woman, bound and hoodwinked, with the swords of the card about her. Yet it is rather a card of temporary durance than of irretrievable bondage.",
      "img": "https://upload.wikimedia.org/wikipedia/commons/a/a7/Swords08.jpg"
    },
    {
      "name": "Nine of Swords",
      "name_short": "sw09",
      "value": 9,
      "suit": "swords",
      "type": "minor",
      "meaning_up": "Death, failure, miscarriage, delay, deception, disappointment, despair.",
      "meaning_rev": "Imprisonment, suspicion, doubt, reasonable fear, shame.",
      "desc": "One seated on her couch in lamentation, with the swords over her. She is as one who knows no sorrow which is like unto hers. It is a card of utter desolation.",
      "img": "https://upload.wikimedia.org/wikipedia/commons/2/2f/Swords09.jpg"
    },
    {
      "name": "Ten of Swords",
      "name_short": "sw10",
      "value": 10,
      "suit": "swords",
      "type": "minor",
      "meaning_up": "Whatsoever is intimated by the design; also pain, affliction, tears, sadness, desolation. It is not especially a card of violent death.",
      "meaning_rev": "Advantage, profit, success, favour, but none of these are permanent; also power and authority.",
      "desc": "A prostrate figure, pierced by all the swords belonging to the card.",
      "img": "https://upload.wikimedia.org/wikipedia/commons/d/d4/Swords10.jpg"
    }
  ]
}